task,family,baseline,supreme,superpowers,baseline_run_id,supreme_run_id,superpowers_run_id
django__django-11119,SWE,PASS,PASS,PASS,2026-08-15-194958-django__django-11119-baseline-v2.0,2026-08-15-195410-django__django-11119-full-v2.0,2026-08-17-025124-django__django-11119-superpowers-v2.0
django__django-11133,SWE,PASS,PASS,PASS,2026-08-15-195748-django__django-11133-baseline-v2.0,2026-08-15-200107-django__django-11133-full-v2.0,2026-08-17-025306-django__django-11133-superpowers-v2.0
django__django-11179,SWE,PASS,PASS,PASS,2026-08-17-020730-django__django-11179-baseline-v2.0,2026-08-17-020842-django__django-11179-supreme-v2.0,2026-08-17-025538-django__django-11179-superpowers-v2.0
django__django-11880,SWE,PASS,PASS,PASS,2026-08-17-021033-django__django-11880-baseline-v2.0,2026-08-17-021155-django__django-11880-supreme-v2.0,2026-08-17-025647-django__django-11880-superpowers-v2.0
django__django-12419,SWE,PASS,PASS,PASS,2026-08-15-201857-django__django-12419-baseline-v2.0,2026-08-15-204915-django__django-12419-full-v2.0,2026-08-17-025821-django__django-12419-superpowers-v2.0
django__django-12965,SWE,PASS,PASS,PASS,2026-08-15-205430-django__django-12965-baseline-v2.0,2026-08-15-203302-django__django-12965-full-v2.0,2026-08-17-030059-django__django-12965-superpowers-v2.0
django__django-14089,SWE,PASS,PASS,PASS,2026-08-15-203620-django__django-14089-baseline-v2.0,2026-08-15-203734-django__django-14089-full-v2.0,2026-08-17-030351-django__django-14089-superpowers-v2.0
django__django-14493,SWE,PASS,PASS,PASS,2026-08-17-021342-django__django-14493-baseline-v2.0,2026-08-17-021621-django__django-14493-supreme-v2.0,2026-08-17-030443-django__django-14493-superpowers-v2.0
django__django-15851,SWE,PASS,PASS,PASS,2026-08-15-210139-django__django-15851-baseline-v2.0,2026-08-15-210314-django__django-15851-full-v2.0,2026-08-17-030637-django__django-15851-superpowers-v2.0
django__django-16082,SWE,PASS,PASS,PASS,2026-08-15-210439-django__django-16082-baseline-v2.0,2026-08-15-210643-django__django-16082-full-v2.0,2026-08-17-030750-django__django-16082-superpowers-v2.0
django__django-16485,SWE,PASS,PASS,PASS,2026-08-15-210857-django__django-16485-baseline-v2.0,2026-08-15-211114-django__django-16485-full-v2.0,2026-08-17-030912-django__django-16485-superpowers-v2.0
django__django-17029,SWE,PASS,PASS,PASS,2026-08-17-021809-django__django-17029-baseline-v2.0,2026-08-17-021923-django__django-17029-supreme-v2.0,2026-08-17-031142-django__django-17029-superpowers-v2.0
matplotlib__matplotlib-23299,SWE,FAIL,PASS,FAIL,2026-08-17-154516-matplotlib__matplotlib-23299-baseline-v2.0,2026-08-16-010130-matplotlib__matplotlib-23299-full-v2.0,2026-08-17-155600-matplotlib__matplotlib-23299-superpowers-v2.0
matplotlib__matplotlib-23476,SWE,PASS,PASS,PASS,2026-08-17-124326-matplotlib__matplotlib-23476-baseline-v2.0,2026-08-16-010947-matplotlib__matplotlib-23476-full-v2.0,2026-08-17-031812-matplotlib__matplotlib-23476-superpowers-v2.0
matplotlib__matplotlib-24177,SWE,PASS,PASS,PASS,2026-08-17-022050-matplotlib__matplotlib-24177-baseline-v2.0,2026-08-17-022815-matplotlib__matplotlib-24177-supreme-v2.0,2026-08-17-032145-matplotlib__matplotlib-24177-superpowers-v2.0
matplotlib__matplotlib-24627,SWE,PASS,PASS,PASS,2026-08-16-011321-matplotlib__matplotlib-24627-baseline-v2.0,2026-08-16-012410-matplotlib__matplotlib-24627-full-v2.0,2026-08-17-033022-matplotlib__matplotlib-24627-superpowers-v2.0
pytest-dev__pytest-5262,SWE,PASS,PASS,PASS,2026-08-17-125620-pytest-dev__pytest-5262-baseline-v2.0,2026-08-17-130339-pytest-dev__pytest-5262-supreme-v2.0,2026-08-17-130928-pytest-dev__pytest-5262-superpowers-v2.0
pytest-dev__pytest-7521,SWE,PASS,PASS,PASS,2026-08-17-132013-pytest-dev__pytest-7521-baseline-v2.0,2026-08-17-132606-pytest-dev__pytest-7521-supreme-v2.0,2026-08-17-133112-pytest-dev__pytest-7521-superpowers-v2.0
scikit-learn__scikit-learn-14141,SWE,PASS,PASS,PASS,2026-08-15-195436-scikit-learn__scikit-learn-14141-baseline-v2.0,2026-08-15-200241-scikit-learn__scikit-learn-14141-full-v2.0,2026-08-17-034553-scikit-learn__scikit-learn-14141-superpowers-v2.0
sphinx-doc__sphinx-10435,SWE,FAIL,FAIL,FAIL,2026-08-17-133704-sphinx-doc__sphinx-10435-baseline-v2.0,2026-08-17-134125-sphinx-doc__sphinx-10435-supreme-v2.0,2026-08-17-134620-sphinx-doc__sphinx-10435-superpowers-v2.0
sphinx-doc__sphinx-8595,SWE,PASS,PASS,PASS,2026-08-17-023346-sphinx-doc__sphinx-8595-baseline-v2.0,2026-08-17-023632-sphinx-doc__sphinx-8595-supreme-v2.0,2026-08-17-035229-sphinx-doc__sphinx-8595-superpowers-v2.0
sphinx-doc__sphinx-9230,SWE,PASS,PASS,PASS,2026-08-17-023924-sphinx-doc__sphinx-9230-baseline-v2.0,2026-08-17-024145-sphinx-doc__sphinx-9230-supreme-v2.0,2026-08-17-035457-sphinx-doc__sphinx-9230-superpowers-v2.0
sphinx-doc__sphinx-9367,SWE,PASS,PASS,PASS,2026-08-16-015344-sphinx-doc__sphinx-9367-baseline-v2.0,2026-08-16-020116-sphinx-doc__sphinx-9367-full-v2.0,2026-08-17-040254-sphinx-doc__sphinx-9367-superpowers-v2.0
sphinx-doc__sphinx-9698,SWE,PASS,PASS,PASS,2026-08-16-020259-sphinx-doc__sphinx-9698-baseline-v2.0,2026-08-16-021650-sphinx-doc__sphinx-9698-full-v2.0,2026-08-17-040525-sphinx-doc__sphinx-9698-superpowers-v2.0
sympy__sympy-13480,SWE,PASS,PASS,PASS,2026-08-15-224329-sympy__sympy-13480-baseline-v2.0,2026-08-15-224719-sympy__sympy-13480-full-v2.0,2026-08-17-041217-sympy__sympy-13480-superpowers-v2.0
sympy__sympy-14711,SWE,PASS,PASS,PASS,2026-08-15-225131-sympy__sympy-14711-baseline-v2.0,2026-08-15-225649-sympy__sympy-14711-full-v2.0,2026-08-17-041548-sympy__sympy-14711-superpowers-v2.0
sympy__sympy-15875,SWE,FAIL,FAIL,FAIL,2026-08-17-135002-sympy__sympy-15875-baseline-v2.0,2026-08-17-135514-sympy__sympy-15875-supreme-v2.0,2026-08-17-140115-sympy__sympy-15875-superpowers-v2.0
sympy__sympy-16886,SWE,PASS,PASS,PASS,2026-08-15-231236-sympy__sympy-16886-baseline-v2.0,2026-08-15-231400-sympy__sympy-16886-full-v2.0,2026-08-17-042509-sympy__sympy-16886-superpowers-v2.0
sympy__sympy-19637,SWE,PASS,PASS,PASS,2026-08-15-231529-sympy__sympy-19637-baseline-v2.0,2026-08-15-231731-sympy__sympy-19637-full-v2.0,2026-08-17-044525-sympy__sympy-19637-superpowers-v2.0
sympy__sympy-23950,SWE,PASS,FAIL,FAIL,2026-08-17-141627-sympy__sympy-23950-baseline-v2.0,2026-08-17-142345-sympy__sympy-23950-supreme-v2.0,2026-08-17-142928-sympy__sympy-23950-superpowers-v2.0
lcb__abc387_b,LCB,PASS,PASS,PASS,2026-08-15-185124-lcb__abc387_b-baseline-v2.0,2026-08-17-143425-lcb__abc387_b-supreme-v2.0,2026-08-17-045016-lcb__abc387_b-superpowers-v2.0
lcb__abc388_c,LCB,PASS,PASS,PASS,2026-08-17-143510-lcb__abc388_c-baseline-v2.0,2026-08-15-232724-lcb__abc388_c-full-v2.0,2026-08-17-045048-lcb__abc388_c-superpowers-v2.0
lcb__abc389_d,LCB,PASS,PASS,PASS,2026-08-15-232902-lcb__abc389_d-baseline-v2.0,2026-08-15-233043-lcb__abc389_d-full-v2.0,2026-08-17-045128-lcb__abc389_d-superpowers-v2.0
lcb__abc390_c,LCB,PASS,PASS,PASS,2026-08-17-143553-lcb__abc390_c-baseline-v2.0,2026-08-17-145607-lcb__abc390_c-supreme-v2.0,2026-08-17-045215-lcb__abc390_c-superpowers-v2.0
lcb__abc391_d,LCB,PASS,PASS,PASS,2026-08-17-145657-lcb__abc391_d-baseline-v2.0,2026-08-15-233832-lcb__abc391_d-full-v2.0,2026-08-17-045259-lcb__abc391_d-superpowers-v2.0
lcb__abc392_b,LCB,PASS,PASS,PASS,2026-08-15-234132-lcb__abc392_b-baseline-v2.0,2026-08-15-234237-lcb__abc392_b-full-v2.0,2026-08-17-045404-lcb__abc392_b-superpowers-v2.0
lcb__abc393_b,LCB,PASS,PASS,PASS,2026-08-15-234334-lcb__abc393_b-baseline-v2.0,2026-08-15-234436-lcb__abc393_b-full-v2.0,2026-08-17-045440-lcb__abc393_b-superpowers-v2.0
lcb__abc394_b,LCB,PASS,PASS,PASS,2026-08-15-234515-lcb__abc394_b-baseline-v2.0,2026-08-15-234556-lcb__abc394_b-full-v2.0,2026-08-17-045519-lcb__abc394_b-superpowers-v2.0
lcb__abc395_b,LCB,PASS,PASS,PASS,2026-08-15-234642-lcb__abc395_b-baseline-v2.0,2026-08-15-234740-lcb__abc395_b-full-v2.0,2026-08-17-045544-lcb__abc395_b-superpowers-v2.0
lcb__abc396_b,LCB,PASS,PASS,PASS,2026-08-15-234853-lcb__abc396_b-baseline-v2.0,2026-08-15-234953-lcb__abc396_b-full-v2.0,2026-08-17-045635-lcb__abc396_b-superpowers-v2.0
lcb__abc397_c,LCB,PASS,PASS,PASS,2026-08-15-235056-lcb__abc397_c-baseline-v2.0,2026-08-15-235159-lcb__abc397_c-full-v2.0,2026-08-17-045705-lcb__abc397_c-superpowers-v2.0
lcb__abc398_b,LCB,PASS,PASS,PASS,2026-08-15-235240-lcb__abc398_b-baseline-v2.0,2026-08-15-235754-lcb__abc398_b-full-v2.0,2026-08-17-045755-lcb__abc398_b-superpowers-v2.0
lcb__abc399_b,LCB,PASS,PASS,PASS,2026-08-15-235842-lcb__abc399_b-baseline-v2.0,2026-08-15-235934-lcb__abc399_b-full-v2.0,2026-08-17-045848-lcb__abc399_b-superpowers-v2.0
lcb__abc400_c,LCB,PASS,PASS,PASS,2026-08-16-000051-lcb__abc400_c-baseline-v2.0,2026-08-16-000206-lcb__abc400_c-full-v2.0,2026-08-17-045920-lcb__abc400_c-superpowers-v2.0
lcb__arc190_a,LCB,PASS,PASS,PASS,2026-08-16-000249-lcb__arc190_a-baseline-v2.0,2026-08-16-000535-lcb__arc190_a-full-v2.0,2026-08-17-045958-lcb__arc190_a-superpowers-v2.0
lcb__arc191_a,LCB,PASS,PASS,PASS,2026-08-17-150010-lcb__arc191_a-baseline-v2.0,2026-08-16-001203-lcb__arc191_a-full-v2.0,2026-08-17-052011-lcb__arc191_a-superpowers-v2.0
lcb__arc192_a,LCB,PASS,PASS,PASS,2026-08-16-001434-lcb__arc192_a-baseline-v2.0,2026-08-16-001721-lcb__arc192_a-full-v2.0,2026-08-17-052150-lcb__arc192_a-superpowers-v2.0
lcb__arc193_a,LCB,PASS,PASS,PASS,2026-08-16-001926-lcb__arc193_a-baseline-v2.0,2026-08-16-002041-lcb__arc193_a-full-v2.0,2026-08-17-052336-lcb__arc193_a-superpowers-v2.0
lcb__arc194_a,LCB,PASS,PASS,PASS,2026-08-16-002335-lcb__arc194_a-baseline-v2.0,2026-08-16-002534-lcb__arc194_a-full-v2.0,2026-08-17-052447-lcb__arc194_a-superpowers-v2.0
lcb__arc195_a,LCB,PASS,PASS,PASS,2026-08-16-002817-lcb__arc195_a-baseline-v2.0,2026-08-16-002913-lcb__arc195_a-full-v2.0,2026-08-17-052558-lcb__arc195_a-superpowers-v2.0
